,Algorithm,CrossValMeans,CrossValerrors,Time,test
0,DecisionTree,0.2653130738595716,0.016427510635059643,0.02620375796686858,0.2660287081339713
1,SVC,0.28031384937526216,0.012910584510652653,7.8555733920075,0.24976076555023924
2,LogisticRegression,0.2715421630012942,0.0241744109840597,0.8055737370159477,0.25933014354066986
3,KNeighboors,0.26725360083762156,0.011736319786511556,0.06455493194516748,0.24210526315789474
4,MultipleLayerPerceptron,0.27707990859519505,0.005969300972379758,18.683231892995536,0.26220095693779905
5,NaiveBayes,0.24128394125351207,0.021799366303507043,0.046803020988591015,0.21148325358851675
6,RandomForest,0.2815379945442954,0.015172548450560392,0.40761967306025326,0.23923444976076555
7,AdaBoost,0.2780471165625798,0.02043307340520019,0.4303725709905848,0.26220095693779905
