,Algorithm,CrossValMeans,CrossValerrors,Time,test
0,DecisionTree,0.8119627561718706,0.006126945520267983,1.0997562890406698,0.8117271312750799
1,SVC,0.8489253101770512,0.006017557859155103,101.68990126799326,0.8534108590615019
2,LogisticRegression,0.8235644409951854,0.0062481572041623735,0.7931237869197503,0.8290885267381869
3,KNeighboors,0.8299801710998882,0.005254588603055888,20.056257407995872,0.8291704201130129
4,MultipleLayerPerceptron,0.8500175795862168,0.007469716424065898,81.65433289995417,0.8508721644418966
5,NaiveBayes,0.80489210096434,0.005195752271536517,0.4120782969985157,0.8037834739169601
6,RandomForest,0.8509187637467367,0.004026331341574851,1.8008157790172845,0.8509540578167226
7,AdaBoost,0.8288615332798898,0.008026205124080211,32.94033184694126,0.8273687658668414
