,Algorithm,CrossValMeans,CrossValerrors,Time,test
0,DecisionTree,0.7037871287128713,0.10710062546705601,1.2813861239482516,0.7071287128712871
1,SVC,0.7521357850070721,0.10830260069293111,1.3401245772919281,0.7574257425742574
2,LogisticRegression,0.7637417491749176,0.09264086659248402,1.6156892466674657,0.8445544554455449
3,KNeighboors,0.8081535832154639,0.09738418433520511,0.5506642640367756,0.7986138613861385
4,MultipleLayerPerceptron,0.7601155115511552,0.10110324034416758,6.754240846842306,0.7473267326732673
5,NaiveBayes,0.5546634842055632,0.11514249444607337,0.3807042166544585,0.5461386138613861
6,RandomForest,0.7626296558227249,0.1017941519926955,0.46429869567970794,0.7786138613861389
7,AdaBoost,0.7016601838755309,0.10800257500635445,1.2845106825098802,0.7019801980198022
