,Algorithm,CrossValMeans,CrossValerrors,Time,test
0,DecisionTree,0.7187993740693066,0.028363344287116465,6.240875717019662,0.7452025586353944
1,SVC,0.7710759445748466,0.029711457338378853,54.45936108101159,0.7750533049040512
2,LogisticRegression,0.7269680220085308,0.02803320260207801,31.002467251033522,0.7334754797441365
3,KNeighboors,0.7500921228641376,0.020989455742822828,14.270544677041471,0.744136460554371
4,MultipleLayerPerceptron,0.7582620327604049,0.028623752823155397,71.47720745601691,0.767590618336887
5,NaiveBayes,0.6053961283157923,0.02159128017013114,1.0408844219055027,0.5650319829424307
6,RandomForest,0.7628934151081498,0.025287489215788213,1.2394036810146645,0.7995735607675906
7,AdaBoost,0.7084841371999696,0.02757653700628096,4.347092404030263,0.7249466950959488
