,Algorithm,CrossValMeans,CrossValerrors,Time,test
0,DecisionTree,0.9734848484848484,0.03601474037577187,0.010775500908493996,0.9736842105263158
1,SVC,0.9742424242424242,0.03374402644139408,0.012752166017889977,0.9736842105263158
2,LogisticRegression,0.9563852813852813,0.02646894994129767,0.03239136701449752,0.9473684210526315
3,KNeighboors,0.9833333333333334,0.020412414523193135,0.014742049970664084,0.9473684210526315
4,MultipleLayerPerceptron,0.9742424242424242,0.03374402644139408,0.6150494000175968,0.9473684210526315
5,NaiveBayes,0.9480519480519481,0.04050135801117799,0.016502658952958882,0.9736842105263158
6,RandomForest,0.965909090909091,0.03141885053534504,0.031161032035015523,0.9736842105263158
7,AdaBoost,0.9742424242424242,0.03374402644139408,0.15198995103128254,0.9210526315789473
