,Algorithm,CrossValMeans,CrossValerrors,Time,test
0,DecisionTree,0.9322701757692015,0.004900774295936995,0.0362080360064283,0.9328
1,SVC,0.9170708755037786,0.006822171269767354,6.312235071090981,0.9104
2,LogisticRegression,0.8642701255172602,0.005202119992956361,0.03150340891443193,0.872
3,KNeighboors,0.8917314792263336,0.0039502102562827615,0.40552979498170316,0.9008
4,MultipleLayerPerceptron,0.923203860392048,0.0064155317936532485,15.831526095047593,0.9328
5,NaiveBayes,0.87200701536062,0.01036896955769458,0.023425373947247863,0.868
6,RandomForest,0.9557386358612785,0.006353500741752869,2.137583190924488,0.9592
7,AdaBoost,0.9589400618786286,0.009788442764515761,1.533242104924284,0.9632
