,Algorithm,CrossValMeans,CrossValerrors,Time,test
0,DecisionTree,0.7283100913249014,0.009321421876777898,3.6069022730225697,0.7252
1,SVC,0.8204884922556144,0.005206548561886913,82.09928065398708,0.8144
2,LogisticRegression,0.81204475790404,0.002171284586784244,0.7886669950094074,0.8033333333333333
3,KNeighboors,0.7923543062998906,0.005936105933669996,14.93011578405276,0.7862666666666667
4,MultipleLayerPerceptron,0.8140887482820023,0.004594027559051387,53.467542208964005,0.8109333333333333
5,NaiveBayes,0.6698216119044063,0.03144546673916435,0.15133440308272839,0.6637333333333333
6,RandomForest,0.8074663279494529,0.004163912530792594,2.324265373055823,0.8005333333333333
7,AdaBoost,0.7854662463033464,0.00686767768703689,18.395861633005552,0.7748
