,Algorithm,CrossValMeans,CrossValerrors,Time,test
0,DecisionTree,0.7204863357794787,0.008244292022063258,0.011249153059907258,0.765625
1,SVC,0.7620310897182988,0.02870484447391789,0.07972576899919659,0.7760416666666666
2,LogisticRegression,0.756813698413951,0.02389675817955701,0.01578735397197306,0.8072916666666666
3,KNeighboors,0.7708022304637155,0.012280963640015657,0.018683276954106987,0.7604166666666666
4,MultipleLayerPerceptron,0.7500231463215761,0.02838600923511337,3.471224209992215,0.7239583333333334
5,NaiveBayes,0.7464991188616217,0.0326571871793416,0.01302673202008009,0.7552083333333334
6,RandomForest,0.7708174859938451,0.004818104334131014,0.3212623359868303,0.78125
7,AdaBoost,0.7708785081143639,0.018995639690852963,0.05438004597090185,0.78125
