,Algorithm,CrossValMeans,CrossValerrors,Time,test
0,DecisionTree,0.9617931521379164,0.013086787481687066,5.939167170901783,0.9634146341463414
1,SVC,0.9622013288380427,0.012281205552095434,19.339123268029653,0.9670731707317073
2,LogisticRegression,0.9642321899629804,0.01412931560096496,13.420060117961839,0.9634146341463414
3,KNeighboors,0.9520451893604287,0.016740565934146336,7.130863811005838,0.95
4,MultipleLayerPerceptron,0.966681156119997,0.01578274940543243,40.72059620101936,0.9646341463414634
5,NaiveBayes,0.7873083942770355,0.01822249704412997,0.7791706130374223,0.7792682926829269
6,RandomForest,0.9699199822122984,0.015402806157453538,1.444854368106462,0.9804878048780488
7,AdaBoost,0.9617931387030966,0.016218905011377557,18.123822678928263,0.9695121951219512
