,Algorithm,CrossValMeans,CrossValerrors,Time,test
0,DecisionTree,1.0,0.0,0.04793365893419832,1.0
1,SVC,1.0,0.0,1.98285615502391,1.0
2,LogisticRegression,0.9653712121448003,0.003406913085964206,0.1118624989176169,0.966518956179222
3,KNeighboors,1.0,0.0,0.5797469160752371,1.0
4,MultipleLayerPerceptron,1.0,0.0,3.301533456076868,1.0
5,NaiveBayes,0.9231900021444363,0.0029778300963109023,0.046192181995138526,0.9330379123584441
6,RandomForest,1.0,0.0,0.0825077029876411,1.0
7,AdaBoost,1.0,0.0,0.48368112195748836,1.0
