,Algorithm,CrossValMeans,CrossValerrors,Time,test
0,DecisionTree,0.8833838912133892,0.016293193393031837,0.06572122301440686,0.8922305764411027
1,SVC,0.8448936541143655,0.004655772757940839,3.4489538660272956,0.8533834586466166
2,LogisticRegression,0.8122838214783823,0.008027916900457073,0.08286715496797115,0.8320802005012531
3,KNeighboors,0.7859431659693167,0.02120508697922833,0.36057752498891205,0.8245614035087719
4,MultipleLayerPerceptron,0.866642259414226,0.006852893587571234,3.9386236330028623,0.8734335839598998
5,NaiveBayes,0.8916997907949791,0.04187217588848189,0.04438936698716134,0.924812030075188
6,RandomForest,0.9498413528591353,0.009299785466243948,1.1237008280586451,0.9598997493734336
7,AdaBoost,0.9602771966527197,0.012216682097667282,16.43858077796176,0.9636591478696742
